<modbusServer Version="2.0">
  <modbusRegister name="COILS">
    <mapping variable="MbOut_xLuceFuoriDavanti" parent="Micro850" dataType="Bool" address="000001">
      <MBVarInfo ElemType="Bool" SubElemType="Any" DataTypeSize="1" />
    </mapping>
    <mapping variable="MbOut_xLuceIngresso" parent="Micro850" dataType="Bool" address="000002">
      <MBVarInfo ElemType="Bool" SubElemType="Any" DataTypeSize="1" />
    </mapping>
    <mapping variable="MbOut_xLuceCorridoio" parent="Micro850" dataType="Bool" address="000003">
      <MBVarInfo ElemType="Bool" SubElemType="Any" DataTypeSize="1" />
    </mapping>
    <mapping variable="MbOut_xLuceSalaLibreria" parent="Micro850" dataType="Bool" address="000004">
      <MBVarInfo ElemType="Bool" SubElemType="Any" DataTypeSize="1" />
    </mapping>
    <mapping variable="MbOut_xLuceLetto" parent="Micro850" dataType="Bool" address="000005">
      <MBVarInfo ElemType="Bool" SubElemType="Any" DataTypeSize="1" />
    </mapping>
    <mapping variable="MbOut_xLuceSala" parent="Micro850" dataType="Bool" address="000006">
      <MBVarInfo ElemType="Bool" SubElemType="Any" DataTypeSize="1" />
    </mapping>
    <mapping variable="MbOut_xLuceCucina" parent="Micro850" dataType="Bool" address="000007">
      <MBVarInfo ElemType="Bool" SubElemType="Any" DataTypeSize="1" />
    </mapping>
    <mapping variable="MbOut_xLuceAntibagno" parent="Micro850" dataType="Bool" address="000008">
      <MBVarInfo ElemType="Bool" SubElemType="Any" DataTypeSize="1" />
    </mapping>
    <mapping variable="MbOut_xLuceBagno" parent="Micro850" dataType="Bool" address="000009">
      <MBVarInfo ElemType="Bool" SubElemType="Any" DataTypeSize="1" />
    </mapping>
    <mapping variable="MbOut_xLuceVeranda" parent="Micro850" dataType="Bool" address="000010">
      <MBVarInfo ElemType="Bool" SubElemType="Any" DataTypeSize="1" />
    </mapping>
    <mapping variable="MbOut_xLuceCantina" parent="Micro850" dataType="Bool" address="000011">
      <MBVarInfo ElemType="Bool" SubElemType="Any" DataTypeSize="1" />
    </mapping>
  </modbusRegister>
  <modbusRegister name="HOLDING_REGISTERS">
    <mapping variable="MbIn_iCmd" parent="Micro850" dataType="Int" address="404002" va="0x526">
      <MBVarInfo ElemType="Int" SubElemType="Any" DataTypeSize="2" />
    </mapping>
    <mapping variable="MbIn_iWatchDog" parent="Micro850" dataType="Int" address="404003" va="0x524">
      <MBVarInfo ElemType="Int" SubElemType="Any" DataTypeSize="2" />
    </mapping>
  </modbusRegister>
</modbusServer>