<modbusServer Version="2.0">
  <modbusRegister name="COILS">
    <mapping variable="MbIn_xStartIrrigazione" parent="Micro850" dataType="Bool" address="000001" va="0x4de">
      <MBVarInfo ElemType="Bool" SubElemType="Any" DataTypeSize="1" />
    </mapping>
    <mapping variable="MbIn_xIrrigazioneAuto" parent="Micro850" dataType="Bool" address="000002">
      <MBVarInfo ElemType="Bool" SubElemType="Any" DataTypeSize="1" />
    </mapping>
  </modbusRegister>
  <modbusRegister name="HOLDING_REGISTERS">
    <mapping variable="MbIn_iWatchDog" parent="Micro850" dataType="Int" address="404001" va="0x4f0">
      <MBVarInfo ElemType="Int" SubElemType="Any" DataTypeSize="2" />
    </mapping>
    <mapping variable="MbOut_iWatchDog" parent="Micro850" dataType="Int" address="404002" va="0x4f2">
      <MBVarInfo ElemType="Int" SubElemType="Any" DataTypeSize="2" />
    </mapping>
    <mapping variable="MbIn_iTimeOutIrrigazione" parent="Micro850" dataType="Int" address="404003" va="0x4ee">
      <MBVarInfo ElemType="Int" SubElemType="Any" DataTypeSize="2" />
    </mapping>
  </modbusRegister>
</modbusServer>